{"repo_id": "avsolatorio/01-600-11-1-3-2-0-0-cls-qli_0-normed-384-512_ASYM_BAAI_bge-small-en-v1.5-20240424083154-latest", "commit_message": "{\"loss\": 0.4601, \"grad_norm\": 5.519935131072998, \"learning_rate\": 2.6289851550653513e-06, \"epoch\": 2.97, \"step\": 169000}"}